wilayah;tahun;jumlah_kasus;suhu_rata_rata;curah_hujan;jumlah_penduduk;tingkat_vaksinasi;status_kebijakan
Aceh;2020;100;28;150;5000000;70%;Ketat
Bali;2020;50;30;100;4000000;80%;Longgar
Sumatera Barat;2020;75;27;120;5500000;65%;Ketat
Riau;2020;120;29;180;6000000;75%;Longgar
Jambi;2020;90;28;160;3500000;60%;Ketat
Sumatera Selatan;2020;110;29;170;8000000;70%;Longgar
Bengkulu;2020;60;27;140;2000000;55%;Ketat
Lampung;2020;80;28;150;9000000;65%;Longgar
Kepulauan Bangka Belitung;2020;40;29;110;1500000;70%;Ketat
Kepulauan Riau;2020;100;29;160;2000000;75%;Longgar
Jakarta;2020;200;29;120;10000000;80%;Ketat
Jawa Barat;2020;300;28;140;50000000;75%;Longgar
Banten;2020;150;29;130;15000000;70%;Ketat
Jawa Tengah;2020;250;28;150;35000000;70%;Longgar
DI Yogyakarta;2020;80;28;120;3800000;80%;Ketat
Jawa Timur;2020;350;28;140;40000000;70%;Longgar
Kalimantan Barat;2020;100;28;160;5500000;65%;Longgar
Kalimantan Tengah;2020;70;29;150;2500000;60%;Ketat
Kalimantan Selatan;2020;90;29;170;4000000;70%;Longgar
Kalimantan Timur;2020;120;29;180;3500000;75%;Ketat
Kalimantan Utara;2020;50;29;150;1500000;60%;Longgar
Sulawesi Utara;2020;80;28;140;2500000;65%;Ketat
Sulawesi Tengah;2020;60;29;130;2000000;60%;Longgar
Sulawesi Selatan;2020;100;29;150;9000000;70%;Ketat
Sulawesi Tenggara;2020;70;29;140;2500000;65%;Longgar
Gorontalo;2020;40;29;130;1200000;60%;Ketat
Sulawesi Barat;2020;50;29;140;1500000;65%;Longgar
Maluku;2020;60;29;150;1800000;60%;Longgar
Maluku Utara;2020;40;29;140;1000000;60%;Ketat
Papua Barat;2020;70;28;160;1000000;60%;Longgar
Papua;2020;100;27;180;3000000;55%;Ketat
Aceh;2021;80;28;140;5000000;80%;Ketat
Bali;2021;40;30;100;4000000;90%;Longgar
Sumatera Barat;2021;60;27;110;5500000;75%;Ketat
Riau;2021;90;29;150;6000000;85%;Longgar
Jambi;2021;70;28;140;3500000;70%;Ketat
Sumatera Selatan;2021;80;29;150;8000000;80%;Longgar
Bengkulu;2021;50;27;120;2000000;65%;Ketat
Lampung;2021;60;28;130;9000000;75%;Longgar
Kepulauan Bangka Belitung;2021;30;29;100;1500000;80%;Ketat
Kepulauan Riau;2021;80;29;140;2000000;85%;Longgar
Jakarta;2021;150;29;110;10000000;90%;Ketat
Jawa Barat;2021;200;28;120;50000000;85%;Longgar
Banten;2021;100;29;110;15000000;80%;Ketat
Jawa Tengah;2021;180;28;130;35000000;80%;Longgar
DI Yogyakarta;2021;60;28;110;3800000;90%;Ketat
Jawa Timur;2021;250;28;120;40000000;80%;Longgar
Kalimantan Barat;2021;80;28;140;5500000;75%;Longgar
Kalimantan Tengah;2021;50;29;130;2500000;70%;Ketat
Kalimantan Selatan;2021;70;29;150;4000000;80%;Longgar
Kalimantan Timur;2021;90;29;160;3500000;85%;Ketat
Kalimantan Utara;2021;40;29;130;1500000;70%;Longgar
Sulawesi Utara;2021;60;28;120;2500000;75%;Ketat
Sulawesi Tengah;2021;40;29;110;2000000;70%;Longgar
Sulawesi Selatan;2021;80;29;130;9000000;80%;Ketat
Sulawesi Tenggara;2021;50;29;120;2500000;75%;Longgar
Gorontalo;2021;30;29;110;1200000;70%;Ketat
Sulawesi Barat;2021;40;29;120;1500000;75%;Longgar
Maluku;2021;50;29;130;1800000;70%;Longgar
Maluku Utara;2021;30;29;120;1000000;70%;Ketat
Papua Barat;2021;50;28;140;1000000;70%;Longgar
Papua;2021;80;27;150;3000000;65%;Ketat
